{
    "$schema": "http://schema.management.azure.com/schemas/2015-01-01/deploymentTemplate.json#",
    "contentVersion": "1.0.0.0",
    "parameters": {
        "FunctionName": {
            "defaultValue": "DmPulse",
            "minLength": 1,
            "maxLength": 11,
            "type": "string"
        },
        "WorkspaceID": {
            "type": "string",
            "minLength": 1,
            "metadata": {
                "description": "Enter Workspace ID of log analytics Workspace"
            }
        },
        "WorkspaceKey": {
            "type": "securestring",
            "minLength": 1,
            "metadata": {
                "description": "Enter Primary Key of log analytics Workspace"
            }
        },
        "DataminrBaseURL": {
            "type": "string",
            "minLength": 1,
            "metadata": {
                "description": "Enter Base URL starting with \"https://\" followed by hostname (Example: https://gateway.dataminr.com/)"
            }
        },
        "ClientID":{
            "type": "string",
            "minLength": 1,
            "metadata": {
                "description": "Enter your Dataminr account Client ID"
            }
        },
        "ClientSecret":{
            "type": "securestring",
            "minLength": 1,
            "metadata": {
                "description": "Enter your Dataminr account Client Secret"
            }
        },
        "AlertsTableName":{
            "type": "string",
            "minLength": 1,
            "defaultValue": "DataminrPulse_Alerts",
            "metadata": {
                "description": "Enter name of the table used to store Dataminr Alerts logs. Default is 'DataminrPulse_Alerts'"
            }
        },
        "AzureClientID": {
            "type": "string",
            "minLength": 1,
            "metadata": {
                "description": "Enter Azure Client ID that you have created during app registration"
            }
        },
        "AzureClientSecret": {
            "type": "securestring",
            "minLength": 1,
            "metadata": {
                "description": "Enter Azure Client Secret that you have created during creating the client secret"
            }
        },
        "AzureTenantID": {
            "type": "string",
            "minLength": 1,
            "metadata": {
                "description": "Enter Azure Tenant ID of your Azure Active Directory"
            }
        },
        "AzureResourceGroupName": {
            "type": "string",
            "minLength": 1,
            "metadata": {
                "description": "Enter Azure Resource Group Name in which you want deploy the data connector"
            }
        },
        "AzureWorkspaceName": {
            "type": "string",
            "minLength": 1,
            "metadata": {
                "description": "Enter Microsoft Sentinel Workspace Name of Log Analytics workspace"
            }
        },
        "AzureSubscriptionID": {
            "type": "string",
            "minLength": 1,
            "metadata": {
                "description": "Enter Azure Subscription Id which is present in the subscription tab in Microsoft Sentinel"
            }
        },
        "LogLevel": {
            "type": "string",
            "metadata": {
                "description": "Add log level or log severity value. Default is 'INFO'"
            },
            "allowedValues": [
                "Debug",
                "Info",
                "Error",
                "Warning"
            ],
            "defaultValue": "Info"
        },
        "Schedule": {
            "type": "string",
            "minLength": 11,
            "defaultValue": "0 0 * * * *",
            "metadata": {
                "description": "Enter a valid Quartz Cron-Expression (Example: 0 0 0 * * *)"
            }
        },
        "AppInsightsWorkspaceResourceID": {
            "type": "string",
            "metadata": {
                "description": "Migrate Classic Application Insights to Log Analytic Workspace which is retiring by 29 Febraury 2024. Use 'Log Analytic Workspace-->Properties' blade having 'Resource ID' property value. This is a fully qualified resourceId which is in format '/subscriptions/{subscriptionId}/resourceGroups/{resourceGroupName}/providers/Microsoft.OperationalInsights/workspaces/{workspaceName}'"
            }
        }
    },
    "variables": {
        "FunctionName": "[concat(toLower(parameters('FunctionName')), uniqueString(resourceGroup().id))]",
         "StorageSuffix": "[environment().suffixes.storage]",
         "LogAnaltyicsUri": "[replace(environment().portal, 'https://portal', concat('https://', toLower(parameters('WorkspaceID')), '.ods.opinsights'))]"
    },
    "resources": [
        {
            "type": "Microsoft.Insights/components",
            "apiVersion": "2020-02-02",
            "name": "[variables('FunctionName')]",
            "location": "[resourceGroup().location]",
            "kind": "web",
            "properties": {
                "Application_Type": "web",
                "ApplicationId": "[variables('FunctionName')]",
                "WorkspaceResourceId": "[parameters('AppInsightsWorkspaceResourceID')]"
            }
        },
        {
            "type": "Microsoft.Storage/storageAccounts",
            "apiVersion": "2019-06-01",
            "name": "[tolower(variables('FunctionName'))]",
            "location": "[resourceGroup().location]",
            "sku": {
                "name": "Standard_LRS",
                "tier": "Standard"
            },
            "kind": "StorageV2",
            "properties": {
                "networkAcls": {
                    "bypass": "AzureServices",
                    "virtualNetworkRules": [],
                    "ipRules": [],
                    "defaultAction": "Allow"
                },
                "supportsHttpsTrafficOnly": true,
                "encryption": {
                    "services": {
                        "file": {
                            "keyType": "Account",
                            "enabled": true
                        },
                        "blob": {
                            "keyType": "Account",
                            "enabled": true
                        }
                    },
                    "keySource": "Microsoft.Storage"
                },
                "minimumTlsVersion": "TLS1_2"
            }
        },
        {
            "type": "Microsoft.Storage/storageAccounts/blobServices",
            "apiVersion": "2019-06-01",
            "name": "[concat(variables('FunctionName'), '/default')]",
            "dependsOn": [
                "[resourceId('Microsoft.Storage/storageAccounts', tolower(variables('FunctionName')))]"
            ],
            "sku": {
                "name": "Standard_LRS",
                "tier": "Standard"
            },
            "properties": {
                "cors": {
                    "corsRules": []
                },
                "deleteRetentionPolicy": {
                    "enabled": false
                }
            }
        },
        {
            "type": "Microsoft.Storage/storageAccounts/fileServices",
            "apiVersion": "2019-06-01",
            "name": "[concat(variables('FunctionName'), '/default')]",
            "dependsOn": [
                "[resourceId('Microsoft.Storage/storageAccounts', tolower(variables('FunctionName')))]"
            ],
            "sku": {
                "name": "Standard_LRS",
                "tier": "Standard"
            },
            "properties": {
                "cors": {
                    "corsRules": []
                }
            }
        },
        {
            "type": "Microsoft.Web/sites",
            "apiVersion": "2018-11-01",
            "name": "[variables('FunctionName')]",
            "location": "[resourceGroup().location]",
            "dependsOn": [
                "[resourceId('Microsoft.Storage/storageAccounts', tolower(variables('FunctionName')))]",
                "[resourceId('Microsoft.Insights/components', variables('FunctionName'))]"
            ],
            "kind": "functionapp,linux",
            "identity": {
                "type": "SystemAssigned"
            },
            "properties": {
                "name": "[variables('FunctionName')]",
                "httpsOnly": true,
                "clientAffinityEnabled": true,
                "alwaysOn": true,
                "reserved": true,
                "siteConfig": {
                    "linuxFxVersion": "python|3.9"
                }
            },
            "resources": [
                {
                    "apiVersion": "2018-11-01",
                    "type": "config",
                    "name": "appsettings",
                    "dependsOn": [
                        "[concat('Microsoft.Web/sites/', variables('FunctionName'))]"
                    ],
                    "properties": {
                        "FUNCTIONS_EXTENSION_VERSION": "~4",
                        "FUNCTIONS_WORKER_RUNTIME": "python",
                        "APPINSIGHTS_INSTRUMENTATIONKEY": "[reference(resourceId('Microsoft.insights/components', variables('FunctionName')), '2015-05-01').InstrumentationKey]",
                        "APPLICATIONINSIGHTS_CONNECTION_STRING": "[reference(resourceId('microsoft.insights/components', variables('FunctionName')), '2015-05-01').ConnectionString]",
                        "AzureWebJobsStorage": "[concat('DefaultEndpointsProtocol=https;AccountName=', toLower(variables('FunctionName')),';AccountKey=',listKeys(resourceId('Microsoft.Storage/storageAccounts', toLower(variables('FunctionName'))), '2019-06-01').keys[0].value, ';EndpointSuffix=',toLower(variables('StorageSuffix')))]",
                        "logAnalyticsUri": "[variables('LogAnaltyicsUri')]",
                        "BaseURL": "[parameters('DataminrBaseURL')]",
                        "ClientId": "[parameters('ClientID')]",
                        "ClientSecret": "[parameters('ClientSecret')]",
                        "WorkspaceID": "[parameters('WorkspaceID')]",
                        "WorkspaceKey": "[parameters('WorkspaceKey')]",
                        "Azure_Client_Id": "[parameters('AzureClientID')]",
                        "Azure_Client_Secret": "[parameters('AzureClientSecret')]",
                        "Azure_Tenant_Id": "[parameters('AzureTenantID')]",
                        "Azure_Resource_Group_Name": "[parameters('AzureResourceGroupName')]",
                        "Azure_Workspace_Name": "[parameters('AzureWorkspaceName')]",
                        "Azure_Subscription_Id": "[parameters('AzureSubscriptionID')]",
                        "AlertsTableName": "[parameters('AlertsTableName')]",
                        "LogLevel": "[parameters('LogLevel')]",
                        "Schedule": "[parameters('Schedule')]",
                        "WEBSITE_RUN_FROM_PACKAGE": "https://aka.ms/sentinel-DataminrPulseAlerts-functionapp"
                    }
                }
            ]
        },
        {
            "type": "Microsoft.Storage/storageAccounts/blobServices/containers",
            "apiVersion": "2019-06-01",
            "name": "[concat(variables('FunctionName'), '/default/azure-webjobs-hosts')]",
            "dependsOn": [
                "[resourceId('Microsoft.Storage/storageAccounts/blobServices', variables('FunctionName'), 'default')]",
                "[resourceId('Microsoft.Storage/storageAccounts', variables('FunctionName'))]"
            ],
            "properties": {
                "publicAccess": "None"
            }
        },
        {
            "type": "Microsoft.Storage/storageAccounts/blobServices/containers",
            "apiVersion": "2019-06-01",
            "name": "[concat(variables('FunctionName'), '/default/azure-webjobs-secrets')]",
            "dependsOn": [
                "[resourceId('Microsoft.Storage/storageAccounts/blobServices', variables('FunctionName'), 'default')]",
                "[resourceId('Microsoft.Storage/storageAccounts', variables('FunctionName'))]"
            ],
            "properties": {
                "publicAccess": "None"
            }
        },
        {
            "type": "Microsoft.Storage/storageAccounts/fileServices/shares",
            "apiVersion": "2019-06-01",
            "name": "[concat(variables('FunctionName'), '/default/', tolower(variables('FunctionName')))]",
            "dependsOn": [
                "[resourceId('Microsoft.Storage/storageAccounts/fileServices', variables('FunctionName'), 'default')]",
                "[resourceId('Microsoft.Storage/storageAccounts', variables('FunctionName'))]"
            ],
            "properties": {
                "shareQuota": 5120
            }
        }
    ]
}